"Home Team","Total Goals Scored","Total Goals Conceded","Goal Difference","total matches","Home Wins","Away Wins","Total Wins","Win %","Goals per Match","Goal Difference per Match","Goals Conceded per Match"
"Arsenal",31,10,21,14,5,4,9,64.28571428571429,2.2142857142857144,1.5,0.7142857142857143
"Aston Villa",23,12,11,12,5,3,8,66.66666666666666,1.9166666666666667,0.9166666666666666,1
"Atalanta",22,11,11,10,1,3,4,40,2.2,1.1,1.1
"Atleti",22,14,8,10,4,3,7,70,2.2,0.8,1.4
"B. Dortmund",31,19,12,14,4,4,8,57.14285714285714,2.2142857142857144,0.8571428571428571,1.3571428571428572
"Barcelona",43,24,19,14,5,4,9,64.28571428571429,3.0714285714285716,1.3571428571428572,1.7142857142857142
"Bayern München",31,18,13,14,5,3,8,57.14285714285714,2.2142857142857144,0.9285714285714286,1.2857142857142858
"Benfica",21,19,2,12,1,4,5,41.66666666666667,1.75,0.16666666666666666,1.5833333333333333
"Bologna",4,9,-5,8,1,0,1,12.5,0.5,-0.625,1.125
"Brest",10,21,-11,10,2,2,4,40,1,-1.1,2.1
"Celtic",15,17,-2,10,3,0,3,30,1.5,-0.2,1.7
"Club Brugge",13,19,-6,12,3,2,5,41.66666666666667,1.0833333333333333,-0.5,1.5833333333333333
"Crvena Zvezda",13,22,-9,8,1,1,2,25,1.625,-1.125,2.75
"Feyenoord",21,26,-5,12,3,2,5,41.66666666666667,1.75,-0.4166666666666667,2.1666666666666665
"GNK Dinamo",12,19,-7,8,1,2,3,37.5,1.5,-0.875,2.375
"Girona",5,13,-8,8,1,0,1,12.5,0.625,-1,1.625
"Inter",26,16,10,15,6,4,10,66.66666666666666,1.7333333333333334,0.6666666666666666,1.0666666666666667
"Juventus",12,11,1,10,3,1,4,40,1.2,0.1,1.1
"Leipzig",8,15,-7,8,1,0,1,12.5,1,-0.875,1.875
"Leverkusen",15,12,3,10,4,1,5,50,1.5,0.3,1.2
"Lille",19,13,6,10,3,2,5,50,1.9,0.6,1.3
"Liverpool",18,6,12,10,4,4,8,80,1.8,1.2,0.6
"Man City",21,20,1,10,2,1,3,30,2.1,0.1,2
"Milan",15,13,2,10,3,2,5,50,1.5,0.2,1.3
"Monaco",16,17,-1,10,3,1,4,40,1.6,-0.1,1.7
"PSV",23,24,-1,12,4,1,5,41.66666666666667,1.9166666666666667,-0.08333333333333333,2
"Paris",38,15,23,17,6,5,11,64.70588235294117,2.235294117647059,1.3529411764705883,0.8823529411764706
"Real Madrid",29,22,7,14,5,3,8,57.14285714285714,2.0714285714285716,0.5,1.5714285714285714
"S. Bratislava",7,27,-20,8,0,0,0,0,0.875,-2.5,3.375
"Salzburg",5,27,-22,8,0,1,1,12.5,0.625,-2.75,3.375
"Shakhtar",8,16,-8,8,2,0,2,25,1,-1,2
"Sparta Praha",7,21,-14,8,1,0,1,12.5,0.875,-1.75,2.625
"Sporting CP",13,15,-2,10,2,1,3,30,1.3,-0.2,1.5
"Sturm Graz",5,14,-9,8,2,0,2,25,0.625,-1.125,1.75
"Stuttgart",13,17,-4,8,1,2,3,37.5,1.625,-0.5,2.125
"Young Boys",3,24,-21,8,0,0,0,0,0.375,-2.625,3
